{
  "per_class_ap": {
    "open": NaN,
    "short": 0.6085333824157715,
    "mousebite": 0.5538434386253357,
    "spur": 0.6046578884124756,
    "copper": 0.6426050066947937,
    "pin-hole": 0.7904471755027771
  },
  "per_class_mar_100": {
    "open": NaN,
    "short": 0.6776000261306763,
    "mousebite": 0.634313702583313,
    "spur": 0.6847583651542664,
    "copper": 0.7125523090362549,
    "pin-hole": 0.8328357934951782
  },
  "per_class_precision": {
    "open": 0.0,
    "short": 0.9486166007905138,
    "mousebite": 0.8603603603603603,
    "spur": 0.8811188811188811,
    "copper": 0.8949416342412452,
    "pin-hole": 0.9476190476190476
  },
  "per_class_recall": {
    "open": 0.0,
    "short": 0.96,
    "mousebite": 0.9362745098039216,
    "spur": 0.9368029739776952,
    "copper": 0.9623430962343096,
    "pin-hole": 0.9900497512437811
  },
  "per_class_f1": {
    "open": 0.0,
    "short": 0.9542743538767396,
    "mousebite": 0.8967136150234741,
    "spur": 0.9081081081081082,
    "copper": 0.9274193548387097,
    "pin-hole": 0.9683698296836983
  },
  "confusion_matrix": [
    [
      0,
      0,
      0,
      0,
      0,
      0,
      0
    ],
    [
      0,
      240,
      0,
      4,
      0,
      0,
      6
    ],
    [
      0,
      0,
      191,
      0,
      3,
      0,
      10
    ],
    [
      0,
      6,
      0,
      252,
      0,
      1,
      10
    ],
    [
      0,
      0,
      2,
      0,
      230,
      3,
      4
    ],
    [
      0,
      0,
      0,
      0,
      0,
      199,
      2
    ],
    [
      0,
      7,
      29,
      30,
      24,
      7,
      200
    ]
  ],
  "confusion_matrix_labels": [
    "open",
    "short",
    "mousebite",
    "spur",
    "copper",
    "pin-hole",
    "background"
  ],
  "score_threshold": 0.5,
  "iou_match_threshold": 0.5
}