{
  "per_class_ap": {
    "open": NaN,
    "short": 0.6128217577934265,
    "mousebite": 0.5417159795761108,
    "spur": 0.6233645081520081,
    "copper": 0.6067987084388733,
    "pin-hole": 0.7430869340896606
  },
  "per_class_mar_100": {
    "open": NaN,
    "short": 0.6776000261306763,
    "mousebite": 0.6338235139846802,
    "spur": 0.7022304534912109,
    "copper": 0.6736401915550232,
    "pin-hole": 0.7915422916412354
  },
  "per_class_precision": {
    "open": 0.0,
    "short": 0.9644268774703557,
    "mousebite": 0.8008298755186722,
    "spur": 0.8135048231511254,
    "copper": 0.9605263157894737,
    "pin-hole": 0.98989898989899
  },
  "per_class_recall": {
    "open": 0.0,
    "short": 0.976,
    "mousebite": 0.946078431372549,
    "spur": 0.9405204460966543,
    "copper": 0.9163179916317992,
    "pin-hole": 0.9751243781094527
  },
  "per_class_f1": {
    "open": 0.0,
    "short": 0.970178926441352,
    "mousebite": 0.8674157303370786,
    "spur": 0.8724137931034484,
    "copper": 0.9379014989293362,
    "pin-hole": 0.9824561403508771
  },
  "confusion_matrix": [
    [
      0,
      0,
      0,
      0,
      0,
      0,
      0
    ],
    [
      0,
      244,
      0,
      3,
      0,
      0,
      3
    ],
    [
      0,
      0,
      193,
      0,
      1,
      0,
      10
    ],
    [
      0,
      3,
      0,
      253,
      0,
      0,
      13
    ],
    [
      0,
      0,
      7,
      3,
      219,
      0,
      10
    ],
    [
      0,
      0,
      0,
      0,
      0,
      196,
      5
    ],
    [
      0,
      6,
      41,
      52,
      8,
      2,
      204
    ]
  ],
  "confusion_matrix_labels": [
    "open",
    "short",
    "mousebite",
    "spur",
    "copper",
    "pin-hole",
    "background"
  ],
  "score_threshold": 0.5,
  "iou_match_threshold": 0.5
}