{
  "per_class_ap": {
    "open": [
      NaN,
      NaN,
      NaN,
      NaN,
      NaN,
      NaN,
      NaN,
      NaN,
      NaN,
      NaN,
      NaN,
      NaN,
      NaN,
      NaN,
      NaN,
      NaN,
      NaN,
      NaN,
      NaN,
      NaN,
      NaN,
      NaN,
      NaN,
      NaN
    ],
    "short": [
      0.01647542603313923,
      0.04526836425065994,
      0.06291278451681137,
      0.11576418578624725,
      0.14167030155658722,
      0.28461313247680664,
      0.3683425188064575,
      0.48021575808525085,
      0.4770810902118683,
      0.5438637733459473,
      0.5595940351486206,
      0.5690248608589172,
      0.5242334604263306,
      0.5821546316146851,
      0.5924700498580933,
      0.6241370439529419,
      0.609603762626648,
      0.5882005095481873,
      0.5980837345123291,
      0.5873381495475769,
      0.6085333824157715,
      0.6068600416183472,
      0.622482180595398,
      0.6128217577934265
    ],
    "mousebite": [
      0.00150508270598948,
      0.003587174927815795,
      0.013109448365867138,
      0.033874381333589554,
      0.067417211830616,
      0.21312694251537323,
      0.33790096640586853,
      0.4087347388267517,
      0.4269966781139374,
      0.4510338604450226,
      0.5088880062103271,
      0.5244643688201904,
      0.5042370557785034,
      0.5174576044082642,
      0.5370498299598694,
      0.52625972032547,
      0.558394193649292,
      0.5428188443183899,
      0.5293219089508057,
      0.5198825001716614,
      0.5538434386253357,
      0.5404605269432068,
      0.5433202981948853,
      0.5417159795761108
    ],
    "spur": [
      0.009652354754507542,
      0.021138712763786316,
      0.04243399202823639,
      0.07140354067087173,
      0.12667535245418549,
      0.20739540457725525,
      0.31209561228752136,
      0.41782012581825256,
      0.46987321972846985,
      0.5069735050201416,
      0.5356274247169495,
      0.46873873472213745,
      0.5464625358581543,
      0.5744877457618713,
      0.5966482758522034,
      0.5818259716033936,
      0.603423535823822,
      0.5675502419471741,
      0.542816162109375,
      0.5486119985580444,
      0.6046578884124756,
      0.5584273934364319,
      0.5735539793968201,
      0.6233645081520081
    ],
    "copper": [
      0.021183118224143982,
      0.033803973346948624,
      0.04960719868540764,
      0.1020452156662941,
      0.13331614434719086,
      0.23297640681266785,
      0.344811350107193,
      0.470670610666275,
      0.4688681960105896,
      0.5620946288108826,
      0.5036182999610901,
      0.5610198974609375,
      0.5572847723960876,
      0.5943978428840637,
      0.5882483124732971,
      0.5945450067520142,
      0.5844002962112427,
      0.6114347577095032,
      0.5580998659133911,
      0.5938583016395569,
      0.6426050066947937,
      0.5912021994590759,
      0.5945324897766113,
      0.6067987084388733
    ],
    "pin-hole": [
      0.01845172420144081,
      0.04486953467130661,
      0.11670436710119247,
      0.28838807344436646,
      0.4110100567340851,
      0.5946191549301147,
      0.6291929483413696,
      0.6344678997993469,
      0.57465660572052,
      0.6814585328102112,
      0.7154003977775574,
      0.6925396919250488,
      0.7445194721221924,
      0.7301363945007324,
      0.7305439114570618,
      0.7199349999427795,
      0.7721315622329712,
      0.7638510465621948,
      0.7549501657485962,
      0.7343719005584717,
      0.7904471755027771,
      0.740959644317627,
      0.7419496178627014,
      0.7430869340896606
    ]
  },
  "per_class_mar_100": {
    "open": [
      NaN,
      NaN,
      NaN,
      NaN,
      NaN,
      NaN,
      NaN,
      NaN,
      NaN,
      NaN,
      NaN,
      NaN,
      NaN,
      NaN,
      NaN,
      NaN,
      NaN,
      NaN,
      NaN,
      NaN,
      NaN,
      NaN,
      NaN,
      NaN
    ],
    "short": [
      0.28119999170303345,
      0.3612000048160553,
      0.3659999966621399,
      0.38440001010894775,
      0.52920001745224,
      0.520799994468689,
      0.5455999970436096,
      0.5776000022888184,
      0.579200029373169,
      0.6244000196456909,
      0.6299999952316284,
      0.6344000101089478,
      0.6100000143051147,
      0.646399974822998,
      0.6583999991416931,
      0.6872000098228455,
      0.6687999963760376,
      0.6535999774932861,
      0.6588000059127808,
      0.6624000072479248,
      0.6776000261306763,
      0.6672000288963318,
      0.6823999881744385,
      0.6776000261306763
    ],
    "mousebite": [
      0.02549019642174244,
      0.0519607849419117,
      0.07745098322629929,
      0.1921568661928177,
      0.3279411792755127,
      0.5142157077789307,
      0.6058823466300964,
      0.6078431606292725,
      0.595588207244873,
      0.5921568870544434,
      0.6176470518112183,
      0.6200980544090271,
      0.6122549176216125,
      0.6049019694328308,
      0.6240196228027344,
      0.6107842922210693,
      0.636274516582489,
      0.6313725709915161,
      0.6142156720161438,
      0.6161764860153198,
      0.634313702583313,
      0.6318627595901489,
      0.626960813999176,
      0.6338235139846802
    ],
    "spur": [
      0.35501858592033386,
      0.45130112767219543,
      0.4687732458114624,
      0.6189591288566589,
      0.570260226726532,
      0.5929368138313293,
      0.6977695226669312,
      0.6710036993026733,
      0.6977695226669312,
      0.6717472076416016,
      0.6695167422294617,
      0.654275119304657,
      0.6795539259910583,
      0.6676579713821411,
      0.6929367780685425,
      0.6661710143089294,
      0.6676579713821411,
      0.6639405488967896,
      0.6342007517814636,
      0.6371747255325317,
      0.6847583651542664,
      0.6472119092941284,
      0.6509293913841248,
      0.7022304534912109
    ],
    "copper": [
      0.17489539086818695,
      0.197907954454422,
      0.20543932914733887,
      0.17740586400032043,
      0.2682008445262909,
      0.3326359689235687,
      0.4799163043498993,
      0.5857740640640259,
      0.6104602217674255,
      0.6489539742469788,
      0.5861924886703491,
      0.6535564661026001,
      0.626778244972229,
      0.6711297035217285,
      0.664853572845459,
      0.6728033423423767,
      0.6589958071708679,
      0.6769874691963196,
      0.6192468404769897,
      0.6610878705978394,
      0.7125523090362549,
      0.6527196764945984,
      0.6748954057693481,
      0.6736401915550232
    ],
    "pin-hole": [
      0.04925373196601868,
      0.10995025187730789,
      0.31442785263061523,
      0.6059701442718506,
      0.7402985095977783,
      0.7253731489181519,
      0.7154228687286377,
      0.695024847984314,
      0.6726368069648743,
      0.7487562298774719,
      0.7771144509315491,
      0.7422885298728943,
      0.8089552521705627,
      0.790547251701355,
      0.7815920114517212,
      0.7676616907119751,
      0.8059701323509216,
      0.7990049719810486,
      0.7955223917961121,
      0.7815920114517212,
      0.8328357934951782,
      0.7815920114517212,
      0.7880597114562988,
      0.7915422916412354
    ]
  },
  "per_class_precision": {
    "open": [
      0.0,
      0.0,
      0.0,
      0.0,
      0.0,
      0.0,
      0.0,
      0.0,
      0.0,
      0.0,
      0.0,
      0.0,
      0.0,
      0.0,
      0.0,
      0.0,
      0.0,
      0.0,
      0.0,
      0.0,
      0.0,
      0.0,
      0.0,
      0.0
    ],
    "short": [
      0.0,
      0.0,
      0.0,
      0.0,
      0.0,
      1.0,
      0.8205128205128205,
      0.8834355828220859,
      0.8247863247863247,
      0.9003831417624522,
      0.9471544715447154,
      0.9294117647058824,
      0.9344262295081968,
      0.9302325581395349,
      0.9525691699604744,
      0.9245283018867925,
      0.9343629343629344,
      0.9442231075697212,
      0.9010989010989011,
      0.8299319727891157,
      0.9486166007905138,
      0.9348659003831418,
      0.9318181818181818,
      0.9644268774703557
    ],