{
  "experiment_name": "overnight_lr_3e5_bb_1p5e5",
  "run_dir": "runs/detr_deeppcb_suite_20260326_102010/overnight_lr_3e5_bb_1p5e5",
  "epochs_ran": 24,
  "best_epoch": 21,
  "best_train_loss": 0.4492241667211056,
  "best_val_loss": 0.48159101903438567,
  "best_map": 0.5333478450775146,
  "best_map_50": 0.7940772771835327,
  "best_map_75": 0.626654863357544,
  "best_iou": 0.5696914101934384,
  "best_precision": 0.9055374592833876,
  "best_recall": 0.9561478933791917,
  "best_f1": 0.930154746967796,
  "best_inference_ms_per_image": 20.45878757489845,
  "best_peak_vram_mb": 1380.19677734375,
  "final_train_loss": 0.4487431691586971,
  "final_val_loss": 0.5059268718957901,
  "final_map": 0.5212979912757874,
  "final_map_50": 0.7893463373184204,
  "final_map_75": 0.6368827223777771,
  "final_iou": 0.5459532232639127,
  "final_precision": 0.8976441917140536,
  "final_recall": 0.9501289767841788,
  "final_f1": 0.9231411862990812,
  "final_inference_ms_per_image": 20.375113364934805,
  "final_peak_vram_mb": 1380.48583984375
}