{
  "suite_name": "detr_deeppcb_suite_20260326_102010",
  "suite_dir": "/home/seba/Documentos/especializacion IA/Vision Computer III/mia-vpc3/runs/detr_deeppcb_suite_20260326_102010",
  "best_experiment_name": "overnight_lr_3e5_bb_1p5e5",
  "best_val_loss": 0.48159101903438567,
  "best_run_dir": "runs/detr_deeppcb_suite_20260326_102010/overnight_lr_3e5_bb_1p5e5",
  "experiments": [
    {
      "experiment_name": "overnight_lr_2e5_bb_1e5",
      "run_dir": "runs/detr_deeppcb_suite_20260326_102010/overnight_lr_2e5_bb_1e5",
      "epochs_ran": 28,
      "best_epoch": 25,
      "best_train_loss": 0.4464851760864258,
      "best_val_loss": 0.5025869762897491,
      "best_map": 0.5255866646766663,
      "best_map_50": 0.7845824360847473,
      "best_map_75": 0.6255901455879211,
      "best_iou": 0.5581715170165287,
      "best_precision": 0.9060181368507831,
      "best_recall": 0.944969905417025,
      "best_f1": 0.9250841750841752,
      "best_inference_ms_per_image": 20.435745670256438,
      "best_peak_vram_mb": 1382.380859375,
      "final_train_loss": 0.4195769612491131,
      "final_val_loss": 0.5230536460876465,
      "final_map": 0.5171335339546204,
      "final_map_50": 0.7883619070053101,
      "final_map_75": 0.6386995911598206,
      "final_iou": 0.6035391283018058,
      "final_precision": 0.9282094594594594,
      "final_recall": 0.944969905417025,
      "final_f1": 0.9365146996165317,
      "final_inference_ms_per_image": 20.568353990238393,
      "final_peak_vram_mb": 1378.91455078125
    },
    {
      "experiment_name": "overnight_lr_3e5_bb_1e5",
      "run_dir": "runs/detr_deeppcb_suite_20260326_102010/overnight_lr_3e5_bb_1e5",
      "epochs_ran": 30,
      "best_epoch": 30,
      "best_train_loss": 0.41648725360631944,
      "best_val_loss": 0.4897900176048279,
      "best_map": 0.5310331583023071,
      "best_map_50": 0.7887179851531982,
      "best_map_75": 0.6525461077690125,
      "best_iou": 0.5281998700890187,
      "best_precision": 0.9172870140612076,
      "best_recall": 0.9535683576956148,
      "best_f1": 0.9350758853288365,
      "best_inference_ms_per_image": 20.30955506990722,
      "best_peak_vram_mb": 1378.7470703125,
      "final_train_loss": 0.41648725360631944,
      "final_val_loss": 0.4897900176048279,
      "final_map": 0.5310331583023071,
      "final_map_50": 0.7887179851531982,
      "final_map_75": 0.6525461077690125,
      "final_iou": 0.5281998700890187,
      "final_precision": 0.9172870140612076,
      "final_recall": 0.9535683576956148,
      "final_f1": 0.9350758853288365,
      "final_inference_ms_per_image": 20.30955506990722,
      "final_peak_vram_mb": 1378.7470703125
    },
    {
      "experiment_name": "overnight_lr_3e5_bb_1e5_wd_2e4",
      "run_dir": "runs/detr_deeppcb_suite_20260326_102010/overnight_lr_3e5_bb_1e5_wd_2e4",
      "epochs_ran": 30,
      "best_epoch": 28,
      "best_train_loss": 0.4320661963522434,
      "best_val_loss": 0.5024165433645248,
      "best_map": 0.5198059678077698,
      "best_map_50": 0.7885529398918152,
      "best_map_75": 0.6160664558410645,
      "best_iou": 0.669269861126551,
      "best_precision": 0.8973941368078175,
      "best_recall": 0.9475494411006019,
      "best_f1": 0.9217900460058552,
      "best_inference_ms_per_image": 20.460968219776987,
      "best_peak_vram_mb": 1379.7119140625,
      "final_train_loss": 0.4358149015903473,
      "final_val_loss": 0.5087792479991913,
      "final_map": 0.5273755192756653,
      "final_map_50": 0.7936834096908569,
      "final_map_75": 0.6316421031951904,
      "final_iou": 0.6204593642333991,
      "final_precision": 0.9132231404958677,
      "final_recall": 0.9501289767841788,
      "final_f1": 0.9313105773282764,
      "final_inference_ms_per_image": 20.41609014988353,
      "final_peak_vram_mb": 1377.14501953125
    },
    {
      "experiment_name": "overnight_lr_3e5_bb_1e5_wd_5e5",
      "run_dir": "runs/detr_deeppcb_suite_20260326_102010/overnight_lr_3e5_bb_1e5_wd_5e5",
      "epochs_ran": 28,
      "best_epoch": 25,
      "best_train_loss": 0.4596610364317894,
      "best_val_loss": 0.5105591982603073,
      "best_map": 0.511987566947937,
      "best_map_50": 0.7866577506065369,
      "best_map_75": 0.6013864278793335,
      "best_iou": 0.6265289245342356,
      "best_precision": 0.8494208494208494,
      "best_recall": 0.945829750644884,
      "best_f1": 0.8950366151342555,
      "best_inference_ms_per_image": 20.440620009903796,
      "best_peak_vram_mb": 1377.01611328125,
      "final_train_loss": 0.43680520847439763,
      "final_val_loss": 0.5203498739004135,
      "final_map": 0.5197498798370361,
      "final_map_50": 0.7859720587730408,
      "final_map_75": 0.6117165684700012,
      "final_iou": 0.6480027346117743,
      "final_precision": 0.8861985472154964,
      "final_recall": 0.944110060189166,
      "final_f1": 0.9142381348875936,
      "final_inference_ms_per_image": 20.448850655157003,
      "final_peak_vram_mb": 1375.02490234375
    },
    {
      "experiment_name": "overnight_lr_3e5_bb_1p5e5",
      "run_dir": "runs/detr_deeppcb_suite_20260326_102010/overnight_lr_3e5_bb_1p5e5",
      "epochs_ran": 24,
      "best_epoch": 21,
      "best_train_loss": 0.4492241667211056,
      "best_val_loss": 0.48159101903438567,
      "best_map": 0.5333478450775146,
      "best_map_50": 0.7940772771835327,
      "best_map_75": 0.626654863357544,
      "best_iou": 0.5696914101934384,
      "best_precision": 0.9055374592833876,
      "best_recall": 0.9561478933791917,
      "best_f1": 0.930154746967796,
      "best_inference_ms_per_image": 20.45878757489845,
      "best_peak_vram_mb": 1380.19677734375,
      "final_train_loss": 0.4487431691586971,
      "final_val_loss": 0.5059268718957901,
      "final_map": 0.5212979912757874,
      "final_map_50": 0.7893463373184204,
      "final_map_75": 0.6368827223777771,
      "final_iou": 0.5459532232639127,
      "final_precision": 0.8976441917140536,
      "final_recall": 0.9501289767841788,
      "final_f1": 0.9231411862990812,
      "final_inference_ms_per_image": 20.375113364934805,
      "final_peak_vram_mb": 1380.48583984375
    },
    {
      "experiment_name": "overnight_lr_3e5_bb_8e6",
      "run_dir": "runs/detr_deeppcb_suite_20260326_102010/overnight_lr_3e5_bb_8e6",
      "epochs_ran": 30,
      "best_epoch": 27,
      "best_train_loss": 0.4177435767650604,
      "best_val_loss": 0.4922789114713669,
      "best_map": 0.5220838785171509,
      "best_map_50": 0.7953552007675171,
      "best_map_75": 0.6266315579414368,
      "best_iou": 0.5947246111023448,
      "best_precision": 0.9219917012448133,
      "best_recall": 0.9552880481513327,
      "best_f1": 0.9383445945945946,
      "best_inference_ms_per_image": 20.440752145368606,
      "best_peak_vram_mb": 1383.53955078125,
      "final_train_loss": 0.4113110873103142,
      "final_val_loss": 0.49405831217765805,
      "final_map": 0.5245345830917358,
      "final_map_50": 0.7895117402076721,
      "final_map_75": 0.6319727301597595,
      "final_iou": 0.6141436361685032,
      "final_precision": 0.9145936981757877,
      "final_recall": 0.9484092863284609,
      "final_f1": 0.9311945968763191,
      "final_inference_ms_per_image": 20.58103688475967,
      "final_peak_vram_mb": 1382.8212890625
    },
    {
      "experiment_name": "overnight_lr_5e5_bb_1e5",
      "run_dir": "runs/detr_deeppcb_suite_20260326_102010/overnight_lr_5e5_bb_1e5",
      "epochs_ran": 22,
      "best_epoch": 19,
      "best_train_loss": 0.505753615051508,
      "best_val_loss": 0.5508792704343796,
      "best_map": 0.4964293837547302,
      "best_map_50": 0.7705615758895874,
      "best_map_75": 0.5969923138618469,
      "best_iou": 0.5576410123104911,
      "best_precision": 0.8610007942811755,
      "best_recall": 0.9320722269991402,
      "best_f1": 0.8951279933938894,
      "best_inference_ms_per_image": 20.395362165145343,
      "best_peak_vram_mb": 1383.9462890625,
      "final_train_loss": 0.4765893758833408,